{
    "data": [{
        "adventure": 
        { "location": {
                "id": "833",
                "latitude": 37.77956816727314,
                "longitude": -122.41387367248539,
                "name": "Civic Center BART"}
            },
            "caption": null,
            "details": null,
            "images": {
                "low_resolution": {
                    "url": "http://distillery.s3.amazonaws.com/media/2011/02/03/efc502667a554329b52d9a6bab35b24a_6.jpg",
                    "width": 306,
                    "height": 306
                },
                "thumbnail": {
                    "url": "http://distillery.s3.amazonaws.com/media/2011/02/03/efc502667a554329b52d9a6bab35b24a_5.jpg",
                    "width": 150,
                    "height": 150
                },
                "standard_resolution": {
                    "url": "http://distillery.s3.amazonaws.com/media/2011/02/03/efc502667a554329b52d9a6bab35b24a_7.jpg",
                    "width": 612,
                    "height": 612
                }